Id,Name,PhoneNo,Email,Address
1,Arjun Kumar,9876543210,arjun.kumar@gmail.com,Bengaluru Karnataka
2,Priya Sharma,9123456780,priya.sharma@gmail.com,Chennai Tamil Nadu
3,Rahul Verma,9988776655,rahul.verma@gmail.com,Hyderabad Telangana
4,Sneha Reddy,9876123450,sneha.reddy@gmail.com,Pune Maharashtra
5,Karthik Iyer,9765432109,karthik.iyer@gmail.com,Coimbatore Tamil Nadu
6,Ananya Rao,9654321098,ananya.rao@gmail.com,Mysuru Karnataka
7,Vikram Singh,9543210987,vikram.singh@gmail.com,Jaipur Rajasthan
8,Meera Nair,9432109876,meera.nair@gmail.com,Kochi Kerala
9,Rohan Patel,9321098765,rohan.patel@gmail.com,Ahmedabad Gujarat
10,Divya Menon,9210987654,divya.menon@gmail.com,Thiruvananthapuram Kerala