ID,Title,Description,View
A001,Travel Memories,Photos from memorable travel experiences,250
A002,Nature Collection,Beautiful photos of nature and landscapes,320
A003,Holiday Moments,Photos captured during holiday trips,280
A004,Cultural Visits,Photos from temples and cultural locations,190
A005,Scenic Views,Collection of beautiful scenic photographs,350
A006,Family Memories,Special moments captured with family,220
A007,City Life,Photos showing city life and urban locations,175
A008,Adventure Trips,Photos captured during adventure journeys,290
A009,Festival Moments,Memorable photos from festivals and celebrations,310
A010,Daily Life,Collection of everyday memorable moments,160